-- phpMyAdmin SQL Dump
-- version 4.0.10deb1
-- http://www.phpmyadmin.net
--
-- Servidor: localhost
-- Tiempo de generación: 05-10-2016 a las 22:09:22
-- Versión del servidor: 5.5.52-0ubuntu0.14.04.1
-- Versión de PHP: 5.5.9-1ubuntu4.19

SET SQL_MODE = "NO_AUTO_VALUE_ON_ZERO";
SET time_zone = "+00:00";


/*!40101 SET @OLD_CHARACTER_SET_CLIENT=@@CHARACTER_SET_CLIENT */;
/*!40101 SET @OLD_CHARACTER_SET_RESULTS=@@CHARACTER_SET_RESULTS */;
/*!40101 SET @OLD_COLLATION_CONNECTION=@@COLLATION_CONNECTION */;
/*!40101 SET NAMES utf8 */;

--
-- Base de datos: `expedientes`
--

--
-- Volcado de datos para la tabla `auth_assignment`
--

INSERT INTO `auth_assignment` (`item_name`, `user_id`, `created_at`) VALUES
('ConsultarRegistros', 2, 1475621774),
('ConsultarRegistros', 3, 1475621765),
('ConsultarRegistros', 4, 1475621730),
('ConsultarRegistros', 5, 1475621745),
('EliminarRegistros', 4, 1475621730),
('EliminarRegistros', 5, 1475621745),
('LlenarRegistros', 4, 1475621730),
('ModificarRegistros', 4, 1475621730),
('ModificarRegistros', 5, 1475621745);

--
-- Volcado de datos para la tabla `auth_item`
--

INSERT INTO `auth_item` (`name`, `type`, `description`, `rule_name`, `data`, `created_at`, `updated_at`, `group_code`) VALUES
('/*', 3, NULL, NULL, NULL, 1475551145, 1475551145, NULL),
('//*', 3, NULL, NULL, NULL, 1475551145, 1475551145, NULL),
('//controller', 3, NULL, NULL, NULL, 1475551145, 1475551145, NULL),
('//crud', 3, NULL, NULL, NULL, 1475551145, 1475551145, NULL),
('//extension', 3, NULL, NULL, NULL, 1475551145, 1475551145, NULL),
('//form', 3, NULL, NULL, NULL, 1475551145, 1475551145, NULL),
('//index', 3, NULL, NULL, NULL, 1475551145, 1475551145, NULL),
('//migrik', 3, NULL, NULL, NULL, 1475551145, 1475551145, NULL),
('//migrikdata', 3, NULL, NULL, NULL, 1475551145, 1475551145, NULL),
('//migrikdoc', 3, NULL, NULL, NULL, 1475551145, 1475551145, NULL),
('//model', 3, NULL, NULL, NULL, 1475551145, 1475551145, NULL),
('//module', 3, NULL, NULL, NULL, 1475551145, 1475551145, NULL),
('/asset/*', 3, NULL, NULL, NULL, 1475551145, 1475551145, NULL),
('/asset/compress', 3, NULL, NULL, NULL, 1475551145, 1475551145, NULL),
('/asset/template', 3, NULL, NULL, NULL, 1475551145, 1475551145, NULL),
('/cache/*', 3, NULL, NULL, NULL, 1475551145, 1475551145, NULL),
('/cache/flush', 3, NULL, NULL, NULL, 1475551145, 1475551145, NULL),
('/cache/flush-all', 3, NULL, NULL, NULL, 1475551145, 1475551145, NULL),
('/cache/flush-schema', 3, NULL, NULL, NULL, 1475551145, 1475551145, NULL),
('/cache/index', 3, NULL, NULL, NULL, 1475551145, 1475551145, NULL),
('/captador/*', 3, NULL, NULL, NULL, 1475555241, 1475555241, NULL),
('/captador/create', 3, NULL, NULL, NULL, 1475555241, 1475555241, NULL),
('/captador/delete', 3, NULL, NULL, NULL, 1475555241, 1475555241, NULL),
('/captador/index', 3, NULL, NULL, NULL, 1475555242, 1475555242, NULL),
('/captador/update', 3, NULL, NULL, NULL, 1475555241, 1475555241, NULL),
('/captador/view', 3, NULL, NULL, NULL, 1475555241, 1475555241, NULL),
('/debug/*', 3, NULL, NULL, NULL, 1475555242, 1475555242, NULL),
('/debug/default/*', 3, NULL, NULL, NULL, 1475555242, 1475555242, NULL),
('/debug/default/db-explain', 3, NULL, NULL, NULL, 1475555242, 1475555242, NULL),
('/debug/default/download-mail', 3, NULL, NULL, NULL, 1475555242, 1475555242, NULL),
('/debug/default/index', 3, NULL, NULL, NULL, 1475555242, 1475555242, NULL),
('/debug/default/toolbar', 3, NULL, NULL, NULL, 1475555242, 1475555242, NULL),
('/debug/default/view', 3, NULL, NULL, NULL, 1475555242, 1475555242, NULL),
('/familiares/*', 3, NULL, NULL, NULL, 1475555241, 1475555241, NULL),
('/familiares/create', 3, NULL, NULL, NULL, 1475555241, 1475555241, NULL),
('/familiares/delete', 3, NULL, NULL, NULL, 1475555241, 1475555241, NULL),
('/familiares/index', 3, NULL, NULL, NULL, 1475555241, 1475555241, NULL),
('/familiares/update', 3, NULL, NULL, NULL, 1475555241, 1475555241, NULL),
('/familiares/view', 3, NULL, NULL, NULL, 1475555241, 1475555241, NULL),
('/fisionomia/*', 3, NULL, NULL, NULL, 1475555241, 1475555241, NULL),
('/fisionomia/create', 3, NULL, NULL, NULL, 1475555241, 1475555241, NULL),
('/fisionomia/delete', 3, NULL, NULL, NULL, 1475555241, 1475555241, NULL),
('/fisionomia/index', 3, NULL, NULL, NULL, 1475555241, 1475555241, NULL),
('/fisionomia/update', 3, NULL, NULL, NULL, 1475555241, 1475555241, NULL),
('/fisionomia/view', 3, NULL, NULL, NULL, 1475555241, 1475555241, NULL),
('/fixture/*', 3, NULL, NULL, NULL, 1475551145, 1475551145, NULL),
('/fixture/load', 3, NULL, NULL, NULL, 1475551145, 1475551145, NULL),
('/fixture/unload', 3, NULL, NULL, NULL, 1475551145, 1475551145, NULL),
('/gii/*', 3, NULL, NULL, NULL, 1475551145, 1475551145, NULL),
('/gii/default/*', 3, NULL, NULL, NULL, 1475551145, 1475551145, NULL),
('/gii/default/action', 3, NULL, NULL, NULL, 1475551145, 1475551145, NULL),
('/gii/default/diff', 3, NULL, NULL, NULL, 1475551145, 1475551145, NULL),
('/gii/default/index', 3, NULL, NULL, NULL, 1475551145, 1475551145, NULL),
('/gii/default/preview', 3, NULL, NULL, NULL, 1475551145, 1475551145, NULL),
('/gii/default/view', 3, NULL, NULL, NULL, 1475551145, 1475551145, NULL),
('/hello/*', 3, NULL, NULL, NULL, 1475551145, 1475551145, NULL),
('/hello/index', 3, NULL, NULL, NULL, 1475551145, 1475551145, NULL),
('/help/*', 3, NULL, NULL, NULL, 1475551145, 1475551145, NULL),
('/help/index', 3, NULL, NULL, NULL, 1475551145, 1475551145, NULL),
('/message/*', 3, NULL, NULL, NULL, 1475551145, 1475551145, NULL),
('/message/config', 3, NULL, NULL, NULL, 1475551145, 1475551145, NULL),
('/message/config-template', 3, NULL, NULL, NULL, 1475551145, 1475551145, NULL),
('/message/extract', 3, NULL, NULL, NULL, 1475551145, 1475551145, NULL),
('/migrate/*', 3, NULL, NULL, NULL, 1475551145, 1475551145, NULL),
('/migrate/create', 3, NULL, NULL, NULL, 1475551145, 1475551145, NULL),
('/migrate/down', 3, NULL, NULL, NULL, 1475551145, 1475551145, NULL),
('/migrate/history', 3, NULL, NULL, NULL, 1475551145, 1475551145, NULL),
('/migrate/mark', 3, NULL, NULL, NULL, 1475551145, 1475551145, NULL),
('/migrate/new', 3, NULL, NULL, NULL, 1475551145, 1475551145, NULL),
('/migrate/redo', 3, NULL, NULL, NULL, 1475551145, 1475551145, NULL),
('/migrate/to', 3, NULL, NULL, NULL, 1475551145, 1475551145, NULL),
('/migrate/up', 3, NULL, NULL, NULL, 1475551145, 1475551145, NULL),
('/oficiales/*', 3, NULL, NULL, NULL, 1475555240, 1475555240, NULL),
('/oficiales/create', 3, NULL, NULL, NULL, 1475555240, 1475555240, NULL),
('/oficiales/delete', 3, NULL, NULL, NULL, 1475555240, 1475555240, NULL),
('/oficiales/index', 3, NULL, NULL, NULL, 1475555241, 1475555241, NULL),
('/oficiales/update', 3, NULL, NULL, NULL, 1475555240, 1475555240, NULL),
('/oficiales/view', 3, NULL, NULL, NULL, 1475555241, 1475555241, NULL),
('/persona/*', 3, NULL, NULL, NULL, 1475555240, 1475555240, NULL),
('/persona/ajax-municipio', 3, NULL, NULL, NULL, 1475555240, 1475555240, NULL),
('/persona/ajax-parroquia', 3, NULL, NULL, NULL, 1475555240, 1475555240, NULL),
('/persona/create', 3, NULL, NULL, NULL, 1475555240, 1475555240, NULL),
('/persona/delete', 3, NULL, NULL, NULL, 1475555240, 1475555240, NULL),
('/persona/index', 3, NULL, NULL, NULL, 1475555240, 1475555240, NULL),
('/persona/update', 3, NULL, NULL, NULL, 1475555240, 1475555240, NULL),
('/persona/view', 3, NULL, NULL, NULL, 1475555240, 1475555240, NULL),
('/serve/*', 3, NULL, NULL, NULL, 1475551145, 1475551145, NULL),
('/serve/index', 3, NULL, NULL, NULL, 1475551145, 1475551145, NULL),
('/site/*', 3, NULL, NULL, NULL, 1475555239, 1475555239, NULL),
('/site/about', 3, NULL, NULL, NULL, 1475555240, 1475555240, NULL),
('/site/captcha', 3, NULL, NULL, NULL, 1475555240, 1475555240, NULL),
('/site/contact', 3, NULL, NULL, NULL, 1475555240, 1475555240, NULL),
('/site/error', 3, NULL, NULL, NULL, 1475555240, 1475555240, NULL),
('/site/index', 3, NULL, NULL, NULL, 1475555240, 1475555240, NULL),
('/site/login', 3, NULL, NULL, NULL, 1475555240, 1475555240, NULL),
('/site/logout', 3, NULL, NULL, NULL, 1475555240, 1475555240, NULL),
('/sociologico/*', 3, NULL, NULL, NULL, 1475555239, 1475555239, NULL),
('/sociologico/create', 3, NULL, NULL, NULL, 1475555239, 1475555239, NULL),
('/sociologico/delete', 3, NULL, NULL, NULL, 1475555239, 1475555239, NULL),
('/sociologico/index', 3, NULL, NULL, NULL, 1475555239, 1475555239, NULL),
('/sociologico/update', 3, NULL, NULL, NULL, 1475555239, 1475555239, NULL),
('/sociologico/view', 3, NULL, NULL, NULL, 1475555239, 1475555239, NULL),
('/unidad/*', 3, NULL, NULL, NULL, 1475555239, 1475555239, NULL),
('/unidad/create', 3, NULL, NULL, NULL, 1475555239, 1475555239, NULL),
('/unidad/delete', 3, NULL, NULL, NULL, 1475555239, 1475555239, NULL),
('/unidad/index', 3, NULL, NULL, NULL, 1475555239, 1475555239, NULL),
('/unidad/update', 3, NULL, NULL, NULL, 1475555239, 1475555239, NULL),
('/unidad/view', 3, NULL, NULL, NULL, 1475555239, 1475555239, NULL),
('/uniforme/*', 3, NULL, NULL, NULL, 1475555238, 1475555238, NULL),
('/uniforme/create', 3, NULL, NULL, NULL, 1475555239, 1475555239, NULL),
('/uniforme/delete', 3, NULL, NULL, NULL, 1475555238, 1475555238, NULL),
('/uniforme/index', 3, NULL, NULL, NULL, 1475555239, 1475555239, NULL),
('/uniforme/update', 3, NULL, NULL, NULL, 1475555239, 1475555239, NULL),
('/uniforme/view', 3, NULL, NULL, NULL, 1475555239, 1475555239, NULL),
('/user-management/*', 3, NULL, NULL, NULL, 1475551145, 1475551145, NULL),
('/user-management/auth-item-group/*', 3, NULL, NULL, NULL, 1475555244, 1475555244, NULL),
('/user-management/auth-item-group/bulk-activate', 3, NULL, NULL, NULL, 1475555244, 1475555244, NULL),
('/user-management/auth-item-group/bulk-deactivate', 3, NULL, NULL, NULL, 1475555244, 1475555244, NULL),
('/user-management/auth-item-group/bulk-delete', 3, NULL, NULL, NULL, 1475555244, 1475555244, NULL),
('/user-management/auth-item-group/create', 3, NULL, NULL, NULL, 1475555245, 1475555245, NULL),
('/user-management/auth-item-group/delete', 3, NULL, NULL, NULL, 1475555245, 1475555245, NULL),
('/user-management/auth-item-group/grid-page-size', 3, NULL, NULL, NULL, 1475555244, 1475555244, NULL),
('/user-management/auth-item-group/grid-sort', 3, NULL, NULL, NULL, 1475555244, 1475555244, NULL),
('/user-management/auth-item-group/index', 3, NULL, NULL, NULL, 1475555245, 1475555245, NULL),
('/user-management/auth-item-group/toggle-attribute', 3, NULL, NULL, NULL, 1475555244, 1475555244, NULL),
('/user-management/auth-item-group/update', 3, NULL, NULL, NULL, 1475555245, 1475555245, NULL),
('/user-management/auth-item-group/view', 3, NULL, NULL, NULL, 1475555245, 1475555245, NULL),
('/user-management/auth/*', 3, NULL, NULL, NULL, 1475555245, 1475555245, NULL),
('/user-management/auth/captcha', 3, NULL, NULL, NULL, 1475555245, 1475555245, NULL),
('/user-management/auth/change-own-password', 3, NULL, NULL, NULL, 1475551146, 1475551146, NULL),
('/user-management/auth/confirm-email', 3, NULL, NULL, NULL, 1475555245, 1475555245, NULL),
('/user-management/auth/confirm-email-receive', 3, NULL, NULL, NULL, 1475555245, 1475555245, NULL),
('/user-management/auth/confirm-registration-email', 3, NULL, NULL, NULL, 1475555245, 1475555245, NULL),
('/user-management/auth/login', 3, NULL, NULL, NULL, 1475555245, 1475555245, NULL),
('/user-management/auth/logout', 3, NULL, NULL, NULL, 1475555245, 1475555245, NULL),
('/user-management/auth/password-recovery', 3, NULL, NULL, NULL, 1475555245, 1475555245, NULL),
('/user-management/auth/password-recovery-receive', 3, NULL, NULL, NULL, 1475555245, 1475555245, NULL),
('/user-management/auth/registration', 3, NULL, NULL, NULL, 1475555245, 1475555245, NULL),
('/user-management/permission/*', 3, NULL, NULL, NULL, 1475555244, 1475555244, NULL),
('/user-management/permission/bulk-activate', 3, NULL, NULL, NULL, 1475555244, 1475555244, NULL),
('/user-management/permission/bulk-deactivate', 3, NULL, NULL, NULL, 1475555244, 1475555244, NULL),
('/user-management/permission/bulk-delete', 3, NULL, NULL, NULL, 1475555244, 1475555244, NULL),
('/user-management/permission/create', 3, NULL, NULL, NULL, 1475555244, 1475555244, NULL),
('/user-management/permission/delete', 3, NULL, NULL, NULL, 1475555244, 1475555244, NULL),
('/user-management/permission/grid-page-size', 3, NULL, NULL, NULL, 1475555244, 1475555244, NULL),
('/user-management/permission/grid-sort', 3, NULL, NULL, NULL, 1475555244, 1475555244, NULL),
('/user-management/permission/index', 3, NULL, NULL, NULL, 1475555244, 1475555244, NULL),
('/user-management/permission/refresh-routes', 3, NULL, NULL, NULL, 1475555244, 1475555244, NULL),
('/user-management/permission/set-child-permissions', 3, NULL, NULL, NULL, 1475555244, 1475555244, NULL),
('/user-management/permission/set-child-routes', 3, NULL, NULL, NULL, 1475555244, 1475555244, NULL),
('/user-management/permission/toggle-attribute', 3, NULL, NULL, NULL, 1475555244, 1475555244, NULL),
('/user-management/permission/update', 3, NULL, NULL, NULL, 1475555244, 1475555244, NULL),
('/user-management/permission/view', 3, NULL, NULL, NULL, 1475555244, 1475555244, NULL),
('/user-management/role/*', 3, NULL, NULL, NULL, 1475555243, 1475555243, NULL),
('/user-management/role/bulk-activate', 3, NULL, NULL, NULL, 1475555243, 1475555243, NULL),
('/user-management/role/bulk-deactivate', 3, NULL, NULL, NULL, 1475555243, 1475555243, NULL),
('/user-management/role/bulk-delete', 3, NULL, NULL, NULL, 1475555243, 1475555243, NULL),
('/user-management/role/create', 3, NULL, NULL, NULL, 1475555243, 1475555243, NULL),
('/user-management/role/delete', 3, NULL, NULL, NULL, 1475555243, 1475555243, NULL),
('/user-management/role/grid-page-size', 3, NULL, NULL, NULL, 1475555243, 1475555243, NULL),
('/user-management/role/grid-sort', 3, NULL, NULL, NULL, 1475555243, 1475555243, NULL),
('/user-management/role/index', 3, NULL, NULL, NULL, 1475555243, 1475555243, NULL),
('/user-management/role/set-child-permissions', 3, NULL, NULL, NULL, 1475555243, 1475555243, NULL),
('/user-management/role/set-child-roles', 3, NULL, NULL, NULL, 1475555243, 1475555243, NULL),
('/user-management/role/toggle-attribute', 3, NULL, NULL, NULL, 1475555243, 1475555243, NULL),
('/user-management/role/update', 3, NULL, NULL, NULL, 1475555243, 1475555243, NULL),
('/user-management/role/view', 3, NULL, NULL, NULL, 1475555243, 1475555243, NULL),
('/user-management/user-permission/*', 3, NULL, NULL, NULL, 1475555243, 1475555243, NULL),
('/user-management/user-permission/set', 3, NULL, NULL, NULL, 1475551145, 1475551145, NULL),
('/user-management/user-permission/set-roles', 3, NULL, NULL, NULL, 1475551145, 1475551145, NULL),
('/user-management/user-visit-log/*', 3, NULL, NULL, NULL, 1475555242, 1475555242, NULL),
('/user-management/user-visit-log/bulk-activate', 3, NULL, NULL, NULL, 1475555242, 1475555242, NULL),
('/user-management/user-visit-log/bulk-deactivate', 3, NULL, NULL, NULL, 1475555242, 1475555242, NULL),
('/user-management/user-visit-log/bulk-delete', 3, NULL, NULL, NULL, 1475555242, 1475555242, NULL),
('/user-management/user-visit-log/create', 3, NULL, NULL, NULL, 1475555243, 1475555243, NULL),
('/user-management/user-visit-log/delete', 3, NULL, NULL, NULL, 1475555242, 1475555242, NULL),
('/user-management/user-visit-log/grid-page-size', 3, NULL, NULL, NULL, 1475555242, 1475555242, NULL),
('/user-management/user-visit-log/grid-sort', 3, NULL, NULL, NULL, 1475555242, 1475555242, NULL),
('/user-management/user-visit-log/index', 3, NULL, NULL, NULL, 1475555243, 1475555243, NULL),
('/user-management/user-visit-log/toggle-attribute', 3, NULL, NULL, NULL, 1475555242, 1475555242, NULL),
('/user-management/user-visit-log/update', 3, NULL, NULL, NULL, 1475555243, 1475555243, NULL),
('/user-management/user-visit-log/view', 3, NULL, NULL, NULL, 1475555243, 1475555243, NULL),
('/user-management/user/*', 3, NULL, NULL, NULL, 1475555243, 1475555243, NULL),
('/user-management/user/bulk-activate', 3, NULL, NULL, NULL, 1475551145, 1475551145, NULL),
('/user-management/user/bulk-deactivate', 3, NULL, NULL, NULL, 1475551145, 1475551145, NULL),
('/user-management/user/bulk-delete', 3, NULL, NULL, NULL, 1475551145, 1475551145, NULL),
('/user-management/user/change-password', 3, NULL, NULL, NULL, 1475551145, 1475551145, NULL),
('/user-management/user/create', 3, NULL, NULL, NULL, 1475551145, 1475551145, NULL),
('/user-management/user/delete', 3, NULL, NULL, NULL, 1475551145, 1475551145, NULL),
('/user-management/user/grid-page-size', 3, NULL, NULL, NULL, 1475551145, 1475551145, NULL),
('/user-management/user/grid-sort', 3, NULL, NULL, NULL, 1475555243, 1475555243, NULL),
('/user-management/user/index', 3, NULL, NULL, NULL, 1475551145, 1475551145, NULL),
('/user-management/user/toggle-attribute', 3, NULL, NULL, NULL, 1475555243, 1475555243, NULL),
('/user-management/user/update', 3, NULL, NULL, NULL, 1475551145, 1475551145, NULL),
('/user-management/user/view', 3, NULL, NULL, NULL, 1475551145, 1475551145, NULL),
('Admin', 1, 'Administración', NULL, NULL, 1475551145, 1475555180, NULL),
('assignRolesToUsers', 2, 'Asignar roles a usuarios', NULL, NULL, 1475551145, 1475553489, 'userManagement'),
('bindUserToIp', 2, 'Casar usuario a IP', NULL, NULL, 1475551145, 1475553526, 'userManagement'),
('changeOwnPassword', 2, 'Cambiar propia contraseña', NULL, NULL, 1475551146, 1475553299, 'userCommonPermissions'),
('changeUserPassword', 2, 'Cambiar contraseña de usuario', NULL, NULL, 1475551145, 1475553319, 'userManagement'),
('commonPermission', 2, 'Common permission', NULL, NULL, 1475551143, 1475551143, NULL),
('ConsultarRegistros', 1, 'Consultar Registros', NULL, NULL, 1475621470, 1475621470, NULL),
('createDatosFamiliaresPersonal', 2, 'Crear Datos Familiares de Personal', NULL, NULL, 1475620006, 1475620035, 'administracionPersonal'),
('createDatosSociologicosPersonal', 2, 'Crear Datos Sociológicos de Personal', NULL, NULL, 1475620303, 1475620303, 'administracionPersonal'),
('createFisionomiaPersonal', 2, 'Crear Fisionomía del Personal', NULL, NULL, 1475620525, 1475620525, 'administracionPersonal'),
('createOficial', 2, 'Crear Oficial', NULL, NULL, 1475581569, 1475581569, 'administracionOficiales'),
('createPersonal', 2, 'Crear Personal', NULL, NULL, 1475555410, 1475555410, 'administracionPersonal'),
('createUnidadBatallon', 2, 'Crear Unidad de Batallón', NULL, NULL, 1475581703, 1475581703, 'administracionUnidadBatallon'),
('createUniformePersonal', 2, 'Crear Uniforme del Personal', NULL, NULL, 1475620729, 1475620729, 'administracionPersonal'),
('createUsers', 2, 'Crear usuarios', NULL, NULL, 1475551145, 1475553378, 'userManagement'),
('deleteDatosFamiliaresPersonal', 2, 'Eliminar Datos Familiares de Personal', NULL, NULL, 1475620200, 1475620200, 'administracionPersonal'),
('deleteDatosSociologicosPersonal', 2, 'Eliminar Datos Sociológicos de Personal', NULL, NULL, 1475620441, 1475620441, 'administracionPersonal'),
('deleteFisionomiaPersonal', 2, 'Eliminar Fisionomía del Personal', NULL, NULL, 1475620666, 1475620666, 'administracionPersonal'),
('deleteOficial', 2, 'Eliminar Oficial', NULL, NULL, 1475581627, 1475581627, 'administracionOficiales'),
('deletePersonal', 2, 'Eliminar Personal', NULL, NULL, 1475555336, 1475555336, 'administracionPersonal'),
('deleteUnidadBatallon', 2, 'Eliminar Unidad de Batallón', NULL, NULL, 1475581790, 1475581790, 'administracionUnidadBatallon'),
('deleteUniformePersonal', 2, 'Eliminar Uniforme del Personal', NULL, NULL, 1475620840, 1475620840, 'administracionPersonal'),
('deleteUsers', 2, 'Eliminar usuarios', NULL, NULL, 1475551145, 1475553400, 'userManagement'),
('editDatosFamiliaresPersonal', 2, 'Editar Datos Familiares de Personal', NULL, NULL, 1475620072, 1475620165, 'administracionPersonal'),
('editDatosSociologicosPersonal', 2, 'Editar Datos Sociológicos de Personal', NULL, NULL, 1475620362, 1475620362, 'administracionPersonal'),
('editFisionomiaPersonal', 2, 'Editar Fisionomía del Personal', NULL, NULL, 1475620593, 1475620593, 'administracionPersonal'),
('editOficial', 2, 'Editar Oficial', NULL, NULL, 1475581590, 1475581590, 'administracionOficiales'),
('editPersonal', 2, 'Editar Personal', NULL, NULL, 1475555366, 1475555366, 'administracionPersonal'),
('editUnidadBatallon', 2, 'Editar  Unidad de Batallón', NULL, NULL, 1475581754, 1475581754, 'administracionUnidadBatallon'),
('editUniformePersonal', 2, 'Editar Uniforme del Personal', NULL, NULL, 1475620774, 1475620774, 'administracionPersonal'),
('editUserEmail', 2, 'Editar correo electrónico de usuario', NULL, NULL, 1475551145, 1475553470, 'userManagement'),
('editUsers', 2, 'Editar usuarios', NULL, NULL, 1475551145, 1475553363, 'userManagement'),
('EliminarRegistros', 1, 'Eliminar Registros', NULL, NULL, 1475621554, 1475621554, NULL),
('LlenarRegistros', 1, 'Llenar Registros', NULL, NULL, 1475621425, 1475621425, NULL),
('ModificarRegistros', 1, 'Modificar Registros', NULL, NULL, 1475621524, 1475621524, NULL),
('viewDatosFamiliaresPersonal', 2, 'Ver Datos Familiares de Personal', NULL, NULL, 1475620144, 1475620144, 'administracionPersonal'),
('viewDatosSociologicosPersonal', 2, 'Ver Datos Sociológicos de Personal', NULL, NULL, 1475620406, 1475620406, 'administracionPersonal'),
('viewFisionomiaPersonal', 2, 'Ver Fisionomía del Personal', NULL, NULL, 1475620628, 1475620628, 'administracionPersonal'),
('viewOficial', 2, 'Ver Oficial', NULL, NULL, 1475581608, 1475581608, 'administracionOficiales'),
('viewPersonal', 2, 'Ver Personal', NULL, NULL, 1475555285, 1475555285, 'administracionPersonal'),
('viewRegistrationIp', 2, 'Ver registro de IP', NULL, NULL, 1475551145, 1475553626, 'userManagement'),
('viewUnidadBatallon', 2, 'Ver Unidad de Batallón', NULL, NULL, 1475581728, 1475581728, 'administracionUnidadBatallon'),
('viewUniformePersonal', 2, 'Ver Uniforme del Personal', NULL, NULL, 1475620807, 1475620807, 'administracionPersonal'),
('viewUserEmail', 2, 'Ver correo electrónico de usuario', NULL, NULL, 1475551145, 1475553457, 'userManagement'),
('viewUserRoles', 2, 'Ver roles de usuarios', NULL, NULL, 1475551145, 1475553427, 'userManagement'),
('viewUsers', 2, 'Ver usuarios', NULL, NULL, 1475551145, 1475553373, 'userManagement'),
('viewVisitLog', 2, 'Ver registro de visita', NULL, NULL, 1475551145, 1475553543, 'userManagement');

--
-- Volcado de datos para la tabla `auth_item_child`
--

INSERT INTO `auth_item_child` (`parent`, `child`) VALUES
('createDatosFamiliaresPersonal', '/familiares/create'),
('deleteDatosFamiliaresPersonal', '/familiares/delete'),
('viewDatosFamiliaresPersonal', '/familiares/index'),
('editDatosFamiliaresPersonal', '/familiares/update'),
('viewDatosFamiliaresPersonal', '/familiares/view'),
('createFisionomiaPersonal', '/fisionomia/create'),
('deleteFisionomiaPersonal', '/fisionomia/delete'),
('viewFisionomiaPersonal', '/fisionomia/index'),
('editFisionomiaPersonal', '/fisionomia/update'),
('viewFisionomiaPersonal', '/fisionomia/view'),
('createPersonal', '/persona/create'),
('viewPersonal', '/persona/index'),
('editPersonal', '/persona/update'),
('viewPersonal', '/persona/view'),
('createDatosSociologicosPersonal', '/sociologico/create'),
('deleteDatosSociologicosPersonal', '/sociologico/delete'),
('viewDatosSociologicosPersonal', '/sociologico/index'),
('editDatosSociologicosPersonal', '/sociologico/update'),
('viewDatosSociologicosPersonal', '/sociologico/view'),
('createUnidadBatallon', '/unidad/create'),
('deleteUnidadBatallon', '/unidad/delete'),
('viewUnidadBatallon', '/unidad/index'),
('editUnidadBatallon', '/unidad/update'),
('viewUnidadBatallon', '/unidad/view'),
('createUniformePersonal', '/uniforme/create'),
('deleteUniformePersonal', '/uniforme/delete'),
('viewUniformePersonal', '/uniforme/index'),
('editUniformePersonal', '/uniforme/update'),
('viewUniformePersonal', '/uniforme/view'),
('changeOwnPassword', '/user-management/auth/change-own-password'),
('assignRolesToUsers', '/user-management/user-permission/set'),
('assignRolesToUsers', '/user-management/user-permission/set-roles'),
('editUsers', '/user-management/user/bulk-activate'),
('editUsers', '/user-management/user/bulk-deactivate'),
('deleteUsers', '/user-management/user/bulk-delete'),
('changeUserPassword', '/user-management/user/change-password'),
('createUsers', '/user-management/user/create'),
('deleteUsers', '/user-management/user/delete'),
('viewUsers', '/user-management/user/grid-page-size'),
('viewUsers', '/user-management/user/index'),
('editUsers', '/user-management/user/update'),
('viewUsers', '/user-management/user/view'),
('Admin', 'assignRolesToUsers'),
('Admin', 'changeOwnPassword'),
('Admin', 'changeUserPassword'),
('LlenarRegistros', 'createDatosFamiliaresPersonal'),
('LlenarRegistros', 'createDatosSociologicosPersonal'),
('LlenarRegistros', 'createFisionomiaPersonal'),
('LlenarRegistros', 'createOficial'),
('LlenarRegistros', 'createPersonal'),
('LlenarRegistros', 'createUnidadBatallon'),
('LlenarRegistros', 'createUniformePersonal'),
('Admin', 'createUsers'),
('EliminarRegistros', 'deleteDatosFamiliaresPersonal'),
('EliminarRegistros', 'deleteDatosSociologicosPersonal'),
('EliminarRegistros', 'deleteFisionomiaPersonal'),
('EliminarRegistros', 'deleteOficial'),
('EliminarRegistros', 'deletePersonal'),
('EliminarRegistros', 'deleteUnidadBatallon'),
('EliminarRegistros', 'deleteUniformePersonal'),
('Admin', 'deleteUsers'),
('ModificarRegistros', 'editDatosFamiliaresPersonal'),
('ModificarRegistros', 'editDatosSociologicosPersonal'),
('ModificarRegistros', 'editFisionomiaPersonal'),
('ModificarRegistros', 'editOficial'),
('ModificarRegistros', 'editPersonal'),
('ModificarRegistros', 'editUnidadBatallon'),
('ModificarRegistros', 'editUniformePersonal'),
('Admin', 'editUsers'),
('ConsultarRegistros', 'viewDatosFamiliaresPersonal'),
('ConsultarRegistros', 'viewDatosSociologicosPersonal'),
('ConsultarRegistros', 'viewFisionomiaPersonal'),
('ConsultarRegistros', 'viewOficial'),
('ConsultarRegistros', 'viewPersonal'),
('ConsultarRegistros', 'viewUnidadBatallon'),
('ConsultarRegistros', 'viewUniformePersonal'),
('editUserEmail', 'viewUserEmail'),
('assignRolesToUsers', 'viewUserRoles'),
('Admin', 'viewUsers'),
('assignRolesToUsers', 'viewUsers'),
('changeUserPassword', 'viewUsers'),
('createUsers', 'viewUsers'),
('deleteUsers', 'viewUsers'),
('editUsers', 'viewUsers');

--
-- Volcado de datos para la tabla `auth_item_group`
--

INSERT INTO `auth_item_group` (`code`, `name`, `created_at`, `updated_at`) VALUES
('administracionCaptador', 'Captador', 1475554358, 1475554358),
('administracionOficiales', 'Oficiales', 1475554296, 1475554296),
('administracionPersonal', 'Personal', 1475554308, 1475554308),
('administracionUnidadBatallon', 'Unidad de Batallón', 1475554333, 1475554333),
('userCommonPermissions', 'Permiso común de usuario', 1475551146, 1475553057),
('userManagement', 'Administración de Usuario', 1475551145, 1475553075);

--
-- Volcado de datos para la tabla `migration`
--

INSERT INTO `migration` (`version`, `apply_time`) VALUES
('m000000_000000_base', 1475551124),
('m140608_173539_create_user_table', 1475551141),
('m140611_133903_init_rbac', 1475551142),
('m140808_073114_create_auth_item_group_table', 1475551142),
('m140809_072112_insert_superadmin_to_user', 1475551143),
('m140809_073114_insert_common_permisison_to_auth_item', 1475551143),
('m141023_141535_create_user_visit_log', 1475551143),
('m141116_115804_add_bind_to_ip_and_registration_ip_to_user', 1475551144),
('m141121_194858_split_browser_and_os_column', 1475551144),
('m141201_220516_add_email_and_email_confirmed_to_user', 1475551145),
('m141207_001649_create_basic_user_permissions', 1475551146);

--
-- Volcado de datos para la tabla `oficiales`
--

INSERT INTO `oficiales` (`id`, `jquia`, `nombres`, `apellido`, `cedula`, `situacion`, `email`, `arma`, `cargo`, `direccion`, `telefono`, `direccion_emergencia`, `telefonos_emergencia`) VALUES
(1, 1, 'Jose David', 'Monsalve Maldonado', 14825496, '3', 'josemonsalve@hotmail.com', 'Sable', 'Cmdte del 208 BALOG', 'AV Libertador San cristobal Tachira', '414-852-3698', 'Prolongacion de la 5ta avenida casa s/n ', '426-722-0384'),
(2, 2, 'Diego Luis', 'Caballero Garcia', 14522906, '1', 'diegolcaballerog@gmail.com', 'Artilleria', 'My del 208 BALOG', 'Urb. Urdaneta, Vereda 9, Casa 5, Sector Sabaneta', '414-852-3698', 'Av. Sabaneta, Calle 9, Casa 5-1', '426-722-0384');

--
-- Volcado de datos para la tabla `persona`
--

INSERT INTO `persona` (`cedula`, `nombres`, `apellidos`, `lugar_nacimiento`, `fecha_nacimiento`, `direccion`, `sector`, `telefono_movil`, `religion`, `estado_civil`, `modalidad`, `unidad_id`) VALUES
(23828517, 'Ninoska Desiree', 'Corredor Rodriguez', 4, '1994-12-02', 'Rubio, Estado Tachira', 'Santa Barbara, cerca de la Bomba de Gasolina Tu suerte', '416-886-8656', 1, 'C', 'P', 2),
(25498875, 'Liz Carol ', 'Garcia Dominguez', 4, '1996-11-10', 'San Cristobal, Estado Tachira', 'Santa Barbara', '416-886-8653', 1, 'S', 'P', 1);

--
-- Volcado de datos para la tabla `user`
--

INSERT INTO `user` (`id`, `username`, `auth_key`, `password_hash`, `confirmation_token`, `status`, `superadmin`, `created_at`, `updated_at`, `registration_ip`, `bind_to_ip`, `email`, `email_confirmed`) VALUES
(1, 'superadmin', 'K7LLYmvfWvexeYGmXQ-zmPm0Y_isyg81', '$2y$13$83jzIGsusIjWU4dx5IH4I.OB7tln1RpQh.J37GIC46C3t192tOo5W', NULL, 1, 1, 1475551143, 1475551143, NULL, NULL, NULL, 0),
(2, 'profesionales', '6so46tbJfdpxfG6MFd_73dE3H6-Un6jv', '$2y$13$GWscI78Yf8TxMcj3gA1QguMmykNTgPRnbW0rNSP6/zbevK5aFwr5m', NULL, 1, 0, 1475552838, 1475552838, '127.0.0.1', '', '', 0),
(3, 'oficiales', 'SlJV4okzbass_HHDf188J1HKi6dHy79T', '$2y$13$XKEufxrxAPBpHyf/nXyKwO7N.UluXnwaO3R4IbUwTomXGbX9ItoEG', NULL, 1, 0, 1475552874, 1475552874, '127.0.0.1', '', '', 0),
(4, 'jefe_seccion', 'TtnmiAcOIWhznOhvqVlsh99I65Hq-cbF', '$2y$13$Yo0StOGcHVot1xdM7oQ9W.9Gx1LyNRfP6PZg9..CdEyrNeU.9PhXa', NULL, 1, 0, 1475552890, 1475552890, '127.0.0.1', '', '', 0),
(5, 'comandante_unidad', 'RFy7AUgSrMGdlLIAQHPKkrcg3AmWSUL8', '$2y$13$Iqy36wRnJAaILg36Hw.mPudtjWuSoJtPpaz8zzml3Pr3g/n4mJOV6', NULL, 1, 0, 1475552903, 1475621636, '127.0.0.1', '', '', 0);

--
-- Volcado de datos para la tabla `user_visit_log`
--

INSERT INTO `user_visit_log` (`id`, `token`, `ip`, `language`, `user_agent`, `user_id`, `visit_time`, `browser`, `os`) VALUES
(1, '57f3204178c05', '127.0.0.1', 'es', 'Mozilla/5.0 (X11; Linux x86_64) AppleWebKit/537.36 (KHTML, like Gecko) Ubuntu Chromium/52.0.2743.116 Chrome/52.0.2743.116 Safari/537.36', 1, 1475551297, 'Chrome', 'Linux'),
(2, '57f3260d3d9d1', '127.0.0.1', 'es', 'Mozilla/5.0 (X11; Linux x86_64) AppleWebKit/537.36 (KHTML, like Gecko) Ubuntu Chromium/52.0.2743.116 Chrome/52.0.2743.116 Safari/537.36', 1, 1475552781, 'Chrome', 'Linux'),
(3, '57f3297c97817', '127.0.0.1', 'es', 'Mozilla/5.0 (X11; Linux x86_64) AppleWebKit/537.36 (KHTML, like Gecko) Ubuntu Chromium/52.0.2743.116 Chrome/52.0.2743.116 Safari/537.36', 5, 1475553660, 'Chrome', 'Linux'),
(4, '57f329a321c90', '127.0.0.1', 'es', 'Mozilla/5.0 (X11; Linux x86_64) AppleWebKit/537.36 (KHTML, like Gecko) Ubuntu Chromium/52.0.2743.116 Chrome/52.0.2743.116 Safari/537.36', 1, 1475553699, 'Chrome', 'Linux'),
(5, '57f3398c72ef9', '127.0.0.1', 'es', 'Mozilla/5.0 (X11; Linux x86_64) AppleWebKit/537.36 (KHTML, like Gecko) Ubuntu Chromium/52.0.2743.116 Chrome/52.0.2743.116 Safari/537.36', 1, 1475557772, 'Chrome', 'Linux'),
(6, '57f339a17d7cf', '127.0.0.1', 'es', 'Mozilla/5.0 (X11; Linux x86_64) AppleWebKit/537.36 (KHTML, like Gecko) Ubuntu Chromium/52.0.2743.116 Chrome/52.0.2743.116 Safari/537.36', 4, 1475557793, 'Chrome', 'Linux'),
(7, '57f344a9c3ae1', '127.0.0.1', 'es', 'Mozilla/5.0 (X11; Linux x86_64) AppleWebKit/537.36 (KHTML, like Gecko) Ubuntu Chromium/52.0.2743.116 Chrome/52.0.2743.116 Safari/537.36', 1, 1475560617, 'Chrome', 'Linux'),
(8, '57f344d46a219', '127.0.0.1', 'es', 'Mozilla/5.0 (X11; Linux x86_64) AppleWebKit/537.36 (KHTML, like Gecko) Ubuntu Chromium/52.0.2743.116 Chrome/52.0.2743.116 Safari/537.36', 1, 1475560660, 'Chrome', 'Linux'),
(9, '57f3450277b92', '127.0.0.1', 'es', 'Mozilla/5.0 (X11; Linux x86_64) AppleWebKit/537.36 (KHTML, like Gecko) Ubuntu Chromium/52.0.2743.116 Chrome/52.0.2743.116 Safari/537.36', 4, 1475560706, 'Chrome', 'Linux'),
(10, '57f345c067324', '127.0.0.1', 'es', 'Mozilla/5.0 (X11; Linux x86_64) AppleWebKit/537.36 (KHTML, like Gecko) Ubuntu Chromium/52.0.2743.116 Chrome/52.0.2743.116 Safari/537.36', 1, 1475560896, 'Chrome', 'Linux'),
(11, '57f396290ca9d', '127.0.0.1', 'es', 'Mozilla/5.0 (X11; Linux x86_64) AppleWebKit/537.36 (KHTML, like Gecko) Ubuntu Chromium/52.0.2743.116 Chrome/52.0.2743.116 Safari/537.36', 1, 1475581481, 'Chrome', 'Linux'),
(12, '57f3a5446efbc', '127.0.0.1', 'es', 'Mozilla/5.0 (X11; Linux x86_64) AppleWebKit/537.36 (KHTML, like Gecko) Ubuntu Chromium/52.0.2743.116 Chrome/52.0.2743.116 Safari/537.36', 1, 1475585348, 'Chrome', 'Linux'),
(13, '57f3b690a59a1', '127.0.0.1', 'es', 'Mozilla/5.0 (X11; Linux x86_64) AppleWebKit/537.36 (KHTML, like Gecko) Ubuntu Chromium/52.0.2743.116 Chrome/52.0.2743.116 Safari/537.36', 1, 1475589776, 'Chrome', 'Linux'),
(14, '57f3b92f682eb', '127.0.0.1', 'es', 'Mozilla/5.0 (X11; Linux x86_64) AppleWebKit/537.36 (KHTML, like Gecko) Ubuntu Chromium/52.0.2743.116 Chrome/52.0.2743.116 Safari/537.36', 1, 1475590447, 'Chrome', 'Linux'),
(15, '57f3c66808e02', '127.0.0.1', 'es', 'Mozilla/5.0 (X11; Linux x86_64) AppleWebKit/537.36 (KHTML, like Gecko) Ubuntu Chromium/52.0.2743.116 Chrome/52.0.2743.116 Safari/537.36', 1, 1475593832, 'Chrome', 'Linux'),
(16, '57f3def858b0d', '127.0.0.1', 'es', 'Mozilla/5.0 (X11; Linux x86_64) AppleWebKit/537.36 (KHTML, like Gecko) Ubuntu Chromium/52.0.2743.116 Chrome/52.0.2743.116 Safari/537.36', 3, 1475600120, 'Chrome', 'Linux'),
(17, '57f3df04e0b9c', '127.0.0.1', 'es', 'Mozilla/5.0 (X11; Linux x86_64) AppleWebKit/537.36 (KHTML, like Gecko) Ubuntu Chromium/52.0.2743.116 Chrome/52.0.2743.116 Safari/537.36', 1, 1475600132, 'Chrome', 'Linux'),
(18, '57f3ec0d6f4d2', '127.0.0.1', 'es', 'Mozilla/5.0 (X11; Linux x86_64) AppleWebKit/537.36 (KHTML, like Gecko) Ubuntu Chromium/52.0.2743.116 Chrome/52.0.2743.116 Safari/537.36', 1, 1475603469, 'Chrome', 'Linux'),
(19, '57f429a910146', '127.0.0.1', 'es', 'Mozilla/5.0 (X11; Linux x86_64) AppleWebKit/537.36 (KHTML, like Gecko) Ubuntu Chromium/52.0.2743.116 Chrome/52.0.2743.116 Safari/537.36', 1, 1475619241, 'Chrome', 'Linux'),
(20, '57f433c6938ab', '127.0.0.1', 'es', 'Mozilla/5.0 (X11; Linux x86_64) AppleWebKit/537.36 (KHTML, like Gecko) Ubuntu Chromium/52.0.2743.116 Chrome/52.0.2743.116 Safari/537.36', 3, 1475621830, 'Chrome', 'Linux'),
(21, '57f5af577600e', '127.0.0.1', 'es', 'Mozilla/5.0 (X11; Linux x86_64) AppleWebKit/537.36 (KHTML, like Gecko) Ubuntu Chromium/52.0.2743.116 Chrome/52.0.2743.116 Safari/537.36', 1, 1475718999, 'Chrome', 'Linux'),
(22, '57f5aff41d794', '127.0.0.1', 'es', 'Mozilla/5.0 (X11; Linux x86_64) AppleWebKit/537.36 (KHTML, like Gecko) Ubuntu Chromium/52.0.2743.116 Chrome/52.0.2743.116 Safari/537.36', 1, 1475719156, 'Chrome', 'Linux');

/*!40101 SET CHARACTER_SET_CLIENT=@OLD_CHARACTER_SET_CLIENT */;
/*!40101 SET CHARACTER_SET_RESULTS=@OLD_CHARACTER_SET_RESULTS */;
/*!40101 SET COLLATION_CONNECTION=@OLD_COLLATION_CONNECTION */;
